{
  "day_trading": {
    "total_return": -0.0263497500656515,
    "annualized_return": 0.0,
    "max_drawdown": 0.032319616209283336,
    "sharpe_ratio": 0.0,
    "win_rate": 0.34782608695652173,
    "total_trades": 23,
    "profit_factor": 0.40069998196487133,
    "execution_time_seconds": 79.18508195877075
  },
  "swing_trading": {
    "total_return": -0.045771614598967,
    "annualized_return": 0.0,
    "max_drawdown": 0.055504689574810376,
    "sharpe_ratio": 0.0,
    "win_rate": 0.2608695652173913,
    "total_trades": 23,
    "profit_factor": 0.4838791730941172,
    "execution_time_seconds": 77.66967678070068
  },
  "position_trading": {
    "total_return": 0.02591919265555,
    "annualized_return": 0.0,
    "max_drawdown": 0.05278893115351523,
    "sharpe_ratio": 0.0,
    "win_rate": 0.5714285714285714,
    "total_trades": 14,
    "profit_factor": 1.3501533960226664,
    "execution_time_seconds": 74.26520609855652
  }
}